id,firstname,lastname,age
1,John,Doe,25
2,Jane,Smith,32
3,Michael,Johnson,28
4,Emily,Brown,21
5,David,Davis,35
6,Sophia,Miller,27
7,William,Wilson,30
8,Olivia,Moore,23
9,James,Taylor,29
10,Ava,Anderson,26
11,Noah,Thomas,24
12,Isabella,Jackson,22
13,Ethan,White,31
14,Sophia,Harris,25
15,Liam,Martin,28
16,Mia,Thompson,23
17,Mason,Garcia,30
18,Charlotte,Martinez,27
19,Jacob,Robinson,29
20,Amelia,Clark,24
21,Logan,Rodriguez,26
22,Evelyn,Lewis,22
23,Alexander,Lee,31
24,Abigail,Hall,25
25,Lucas,Allen,28
26,Avery,Young,23
27,Elijah,Hernandez,30
28,Scarlett,King,27
29,Benjamin,Wright,29
30,Grace,Scott,24
31,Caleb,Torres,26
32,Chloe,Nguyen,22
33,Henry,Hill,31
34,Victoria,Nelson,25
35,Jack,Baker,28
36,Riley,Adams,23
37,Leo,Gonzales,30
38,Aria,Phillips,27
39,Owen,Parker,29
40,Lily,Edwards,24
41,Jayden,Mitchell,26
42,Eleanor,Perez,22
43,Luke,Campbell,31
44,Ella,Butler,25
45,Julian,Brooks,28
46,Sofia,Gray,23
47,Sebastian,Lopez,30
48,Penelope,Sanchez,27
49,Carter,Russell,29
50,Layla,Bennett,24
51,Isaac,Green,26
52,Zoe,Wood,22
53,Connor,Barnes,31
54,Camila,Ross,25
55,Brayden,Hunter,28
56,Aurora,Brooks,23
57,Oliver,West,30
58,Alice,Coleman,27
59,Asher,Jenkins,29
60,Madeline,Perry,24
61,Ezra,Powell,26
62,Hazel,Long,22
63,Hudson,Patterson,31
64,Brianna,Hughes,25
65,Charles,Flores,28
66,Addison,Washington,23
67,Eli,Butler,30
68,Kennedy,Simmons,27
69,Levi,Foster,29
70,Brooklyn,Gonzales,24
71,Aaron,Bryant,26
72,Destiny,Alexander,22
73,Ayden,Russell,31
74,Natalie,Murphy,25
75,Adrian,Richards,28
76,Eva,Burton,23
77,Gavin,Meyer,30
78,Savannah,Davidson,27
79,Dylan,Ramirez,29
80,Autumn,Jenkins,24
81,Lincoln,Freeman,26
82,Cecilia,Castro,22
83,Mateo,Weaver,31
84,Genesis,Weber,25
85,Josiah,Carr,28
86,Aaliyah,Gilbert,23
87,Kai,Torres,30
88,Luna,Nelson,27
89,Micah,Rivers,29
90,Piper,Armstrong,24
91,Jason,Ward,26
92,Delilah,Burton,22
93,Maxwell,Dixon,31
94,Lila,Richards,25
95,Colson,Morrison,28
96,Aubrey,Stewart,23
97,Braylon,Murray,30
98,Nova,Brooks,27
99,Ryder,Hayes,29
100,Emerson,Mendoza,24